Gene,Degree,Betweenness
202376_at,18,0.0711491173991653
204489_s_at,18,0.04568106639828973
212063_at,17,0.04347593474110328
209835_x_at,17,0.03876212356143826
208651_x_at,15,0.033829254417443645
238123_at,14,0.047287112589924456
204490_s_at,14,0.032747923540388905
229797_at,14,0.02112232051080012
227253_at,14,0.009505903195991244
1557905_s_at,13,0.014098905671457785
